<?xml version="1.0"?>
<!--<!DOCTYPE metadata SYSTEM "http://www.esri.com/metadata/esriprof80.dtd">-->
<metadata xml:lang="en"><Esri><CreaDate>20071028</CreaDate><CreaTime>17311000</CreaTime><SyncOnce>TRUE</SyncOnce><DataProperties><lineage><Process Name="ProjectRaster_1" ToolSource="C:\Programs\ArcGIS\ArcToolbox\Toolboxes\Data Management Tools.tbx\ProjectRaster" Date="20070930" Time="150713">ProjectRaster demlab C:\TempDir\lab4GISProg\Project_deml2 PROJCS['WGS_1984_PDC_Mercator',GEOGCS['GCS_WGS_1984',DATUM['D_WGS_1984',SPHEROID['WGS_1984',6378137.0,298.257223563]],PRIMEM['Greenwich',0.0],UNIT['Degree',0.0174532925199433]],PROJECTION['Mercator'],PARAMETER['False_Easting',0.0],PARAMETER['False_Northing',0.0],PARAMETER['Central_Meridian',-150.0],PARAMETER['Standard_Parallel_1',0.0],UNIT['Meter',1.0]];IsHighPrecision NEAREST 30.818637 NAD_1983_To_WGS_1984_1 # "GEOGCS['GCS_North_American_1983',DATUM['D_North_American_1983',SPHEROID['GRS_1980',6378137.0,298.257222101]],PRIMEM['Greenwich',0.0],UNIT['Degree',0.0174532925199433]];-400 -400 11258999068426.2;#;#;8.98315284119521E-09;#;#;IsHighPrecision"</Process></lineage></DataProperties><MetaID>{680783BF-4C07-463A-8B58-DFFFBFBB583B}</MetaID></Esri><idinfo><citation><citeinfo><onlink Sync="TRUE">\\MAKOSSY\C$\TempDir\Labs\Lab6\dataForStudents\demlab4</onlink></citeinfo></citation></idinfo><distInfo><distributor><distorTran><onLineSrc><linkage Sync="TRUE">file://\\MAKOSSY\C$\TempDir\Labs\Lab6\dataForStudents\demlab4</linkage><protocol Sync="TRUE">Local Area Network</protocol></onLineSrc></distorTran></distributor></distInfo><dataqual><lineage><procstep><procdesc Sync="TRUE">Dataset moved.</procdesc><srcused Sync="TRUE">C:\TempDir\lab4GISProg\demlab4</srcused><date Sync="TRUE">20070930</date><time Sync="TRUE">22033400</time></procstep><procstep><procdesc Sync="TRUE">Dataset copied.</procdesc><srcused Sync="TRUE">C:\TempDir\Labs\Lab4\dataStudents\demlab4</srcused><date Sync="TRUE">20071028</date><time Sync="TRUE">17311000</time></procstep><procstep><procdesc Sync="TRUE">Dataset moved.</procdesc><srcused Sync="TRUE">C:\TempDir\Labs\Lab6\demlab4</srcused><date Sync="TRUE">20071029</date><time Sync="TRUE">11551200</time></procstep></lineage></dataqual></metadata>
