<?xml version="1.0" encoding="UTF-8"?>
<metadata xml:lang="en"><Esri><CreaDate>20190206</CreaDate><CreaTime>16500600</CreaTime><ArcGISFormat>1.0</ArcGISFormat><SyncOnce>TRUE</SyncOnce><DataProperties><lineage><Process ToolSource="c:\program files (x86)\arcgis\desktop10.5\ArcToolbox\Toolboxes\3D Analyst Tools.tbx\InterpolateShape" Date="20190206" Time="165006">InterpolateShape D:/lab2/data/dem_lab2 D:/lab2/data\colo14ers.shp D:/lab2/data\colo14ers_interp.shp # 1 BILINEAR DENSIFY 0</Process><Process ToolSource="c:\program files (x86)\arcgis\desktop10.5\ArcToolbox\Toolboxes\Data Management Tools.tbx\AddField" Date="20190206" Time="165554">AddField D:/lab2/data\colo14ers_interp.shp lenght2D FLOAT # # # # NULLABLE NON_REQUIRED #</Process><Process ToolSource="c:\program files (x86)\arcgis\desktop10.5\ArcToolbox\Toolboxes\Data Management Tools.tbx\AddField" Date="20190206" Time="165554">AddField D:/lab2/data\colo14ers_interp.shp length3D FLOAT # # # # NULLABLE NON_REQUIRED #</Process></lineage></DataProperties></Esri></metadata>
