<?xml version="1.0" encoding="UTF-8"?>
<metadata xml:lang="en"><Esri><CreaDate>20190205</CreaDate><CreaTime>14520000</CreaTime><ArcGISFormat>1.0</ArcGISFormat><SyncOnce>TRUE</SyncOnce><DataProperties><lineage><Process ToolSource="c:\program files (x86)\arcgis\desktop10.5\ArcToolbox\Toolboxes\Data Management Tools.tbx\CreateFeatureclass" Date="20190205" Time="145200">CreateFeatureclass D:/lab2/data colo14ers.shp POLYLINE # DISABLED DISABLED # # 0 0 0</Process><Process ToolSource="c:\program files (x86)\arcgis\desktop10.5\ArcToolbox\Toolboxes\Data Management Tools.tbx\AddField" Date="20190205" Time="145200">AddField D:/lab2/data\colo14ers.shp numPnts FLOAT # # # # NULLABLE NON_REQUIRED #</Process><Process ToolSource="c:\program files (x86)\arcgis\desktop10.5\ArcToolbox\Toolboxes\Data Management Tools.tbx\CalculateField" Date="20190205" Time="145531">CalculateField D:/lab2/data\colo14ers.shp numPnts 48 VB #</Process></lineage></DataProperties></Esri></metadata>
