<?xml version="1.0"?>
<!--<!DOCTYPE metadata SYSTEM "http://www.esri.com/metadata/esriprof80.dtd">-->
<metadata xml:lang="de"><Esri><CreaDate>20080903</CreaDate><CreaTime>10421300</CreaTime><SyncOnce>TRUE</SyncOnce><MetaID>{D0EB5D79-BE82-4341-80DA-73DB092A839E}</MetaID><DataProperties><lineage><Process ToolSource="C:\Program Files (x86)\ArcGIS\ArcToolbox\Toolboxes\Data Management Tools.tbx\AddField" Date="20110128" Time="085842">AddField H:\CU_Classes\GIS_programming\GIS3_2010fall_TA\labs2010\lab1\dataStudents\forestArea_1975.shp year SHORT # # # # NON_NULLABLE NON_REQUIRED # H:\CU_Classes\GIS_programming\GIS3_2010fall_TA\labs2010\lab1\dataStudents\forestArea_1975.shp</Process><Process ToolSource="C:\Program Files (x86)\ArcGIS\ArcToolbox\Toolboxes\Data Management Tools.tbx\CalculateField" Date="20110128" Time="085842">CalculateField H:\CU_Classes\GIS_programming\GIS3_2010fall_TA\labs2010\lab1\dataStudents\forestArea_1975.shp year 1975 VB # H:\CU_Classes\GIS_programming\GIS3_2010fall_TA\labs2010\lab1\dataStudents\forestArea_1975.shp</Process><Process ToolSource="C:\Program Files (x86)\ArcGIS\ArcToolbox\Toolboxes\Data Management Tools.tbx\AddField" Date="20110128" Time="095003">AddField H:\CU_Classes\GIS_programming\GIS3_2010fall_TA\labs2010\lab1\dataStudents\forestArea_1975.shp year SHORT # # # # NON_NULLABLE NON_REQUIRED # H:\CU_Classes\GIS_programming\GIS3_2010fall_TA\labs2010\lab1\dataStudents\forestArea_1975.shp</Process><Process ToolSource="C:\Program Files (x86)\ArcGIS\ArcToolbox\Toolboxes\Data Management Tools.tbx\CalculateField" Date="20110128" Time="095003">CalculateField H:\CU_Classes\GIS_programming\GIS3_2010fall_TA\labs2010\lab1\dataStudents\forestArea_1975.shp year 1975 VB # H:\CU_Classes\GIS_programming\GIS3_2010fall_TA\labs2010\lab1\dataStudents\forestArea_1975.shp</Process><Process ToolSource="C:\Program Files (x86)\ArcGIS\ArcToolbox\Toolboxes\Data Management Tools.tbx\CalculateField" Date="20110128" Time="095255">CalculateField H:\CU_Classes\GIS_programming\GIS3_2010fall_TA\labs2010\lab1\dataStudents\forestArea_1975.shp year 1975 VB # H:\CU_Classes\GIS_programming\GIS3_2010fall_TA\labs2010\lab1\dataStudents\forestArea_1975.shp</Process><Process ToolSource="C:\Program Files (x86)\ArcGIS\ArcToolbox\Toolboxes\Data Management Tools.tbx\CalculateField" Date="20110128" Time="095946">CalculateField H:\CU_Classes\GIS_programming\GIS3_2010fall_TA\labs2010\lab1\dataStudents\forestArea_1975.shp year 1975 VB # H:\CU_Classes\GIS_programming\GIS3_2010fall_TA\labs2010\lab1\dataStudents\forestArea_1975.shp</Process><Process ToolSource="C:\Program Files (x86)\ArcGIS\ArcToolbox\Toolboxes\Data Management Tools.tbx\CalculateField" Date="20110128" Time="100326">CalculateField H:\CU_Classes\GIS_programming\GIS3_2010fall_TA\labs2010\lab1\dataStudents\forestArea_1975.shp year 1975 VB # H:\CU_Classes\GIS_programming\GIS3_2010fall_TA\labs2010\lab1\dataStudents\forestArea_1975.shp</Process><Process ToolSource="C:\Program Files (x86)\ArcGIS\ArcToolbox\Toolboxes\Data Management Tools.tbx\CalculateField" Date="20110128" Time="102802">CalculateField G:\CU_Classes\GIS_programming\GIS3_2010fall_TA\labs2010\lab1\dataStudents\forestArea_1975.shp year 1975 VB # G:\CU_Classes\GIS_programming\GIS3_2010fall_TA\labs2010\lab1\dataStudents\forestArea_1975.shp</Process><Process ToolSource="C:\Program Files (x86)\ArcGIS\ArcToolbox\Toolboxes\Data Management Tools.tbx\AddField" Date="20110128" Time="103133">AddField G:\CU_Classes\GIS_programming\GIS3_2010fall_TA\labs2010\lab1\dataStudents\forestArea_1975.shp Year SHORT # # # # NON_NULLABLE NON_REQUIRED # G:\CU_Classes\GIS_programming\GIS3_2010fall_TA\labs2010\lab1\dataStudents\forestArea_1975.shp</Process><Process ToolSource="C:\Program Files (x86)\ArcGIS\ArcToolbox\Toolboxes\Data Management Tools.tbx\CalculateField" Date="20110128" Time="103133">CalculateField G:\CU_Classes\GIS_programming\GIS3_2010fall_TA\labs2010\lab1\dataStudents\forestArea_1975.shp year 1975 VB # G:\CU_Classes\GIS_programming\GIS3_2010fall_TA\labs2010\lab1\dataStudents\forestArea_1975.shp</Process><Process ToolSource="C:\Program Files (x86)\ArcGIS\ArcToolbox\Toolboxes\Data Management Tools.tbx\CalculateField" Date="20110128" Time="103409">CalculateField G:\CU_Classes\GIS_programming\GIS3_2010fall_TA\labs2010\lab1\dataStudents\forestArea_1975.shp year 1975 VB # G:\CU_Classes\GIS_programming\GIS3_2010fall_TA\labs2010\lab1\dataStudents\forestArea_1975.shp</Process><Process ToolSource="C:\Program Files (x86)\ArcGIS\ArcToolbox\Toolboxes\Data Management Tools.tbx\AddField" Date="20110128" Time="103410">AddField G:\CU_Classes\GIS_programming\GIS3_2010fall_TA\labs2010\lab1\dataStudents\forestArea_1975.shp ClipArea LONG 9 # # # NON_NULLABLE NON_REQUIRED # G:\CU_Classes\GIS_programming\GIS3_2010fall_TA\labs2010\lab1\dataStudents\forestArea_1975.shp</Process><Process ToolSource="C:\Program Files (x86)\ArcGIS\ArcToolbox\Toolboxes\Data Management Tools.tbx\CalculateField" Date="20110128" Time="103410">CalculateField G:\CU_Classes\GIS_programming\GIS3_2010fall_TA\labs2010\lab1\dataStudents\forestArea_1975.shp ClipArea 396697.12866367 VB # G:\CU_Classes\GIS_programming\GIS3_2010fall_TA\labs2010\lab1\dataStudents\forestArea_1975.shp</Process><Process ToolSource="C:\Program Files (x86)\ArcGIS\ArcToolbox\Toolboxes\Data Management Tools.tbx\CalculateField" Date="20110128" Time="103441">CalculateField G:\CU_Classes\GIS_programming\GIS3_2010fall_TA\labs2010\lab1\dataStudents\forestArea_1975.shp year 1975 VB # G:\CU_Classes\GIS_programming\GIS3_2010fall_TA\labs2010\lab1\dataStudents\forestArea_1975.shp</Process><Process ToolSource="C:\Program Files (x86)\ArcGIS\ArcToolbox\Toolboxes\Data Management Tools.tbx\AddField" Date="20110128" Time="103442">AddField G:\CU_Classes\GIS_programming\GIS3_2010fall_TA\labs2010\lab1\dataStudents\forestArea_1975.shp ClipArea LONG 9 # # # NON_NULLABLE NON_REQUIRED # G:\CU_Classes\GIS_programming\GIS3_2010fall_TA\labs2010\lab1\dataStudents\forestArea_1975.shp</Process><Process ToolSource="C:\Program Files (x86)\ArcGIS\ArcToolbox\Toolboxes\Data Management Tools.tbx\CalculateField" Date="20110128" Time="103442">CalculateField G:\CU_Classes\GIS_programming\GIS3_2010fall_TA\labs2010\lab1\dataStudents\forestArea_1975.shp ClipArea 396697.12866367 VB # G:\CU_Classes\GIS_programming\GIS3_2010fall_TA\labs2010\lab1\dataStudents\forestArea_1975.shp</Process><Process ToolSource="C:\Program Files (x86)\ArcGIS\ArcToolbox\Toolboxes\Data Management Tools.tbx\CalculateField" Date="20110128" Time="103705">CalculateField G:\CU_Classes\GIS_programming\GIS3_2010fall_TA\labs2010\lab1\dataStudents\forestArea_1975.shp year 1975 VB # G:\CU_Classes\GIS_programming\GIS3_2010fall_TA\labs2010\lab1\dataStudents\forestArea_1975.shp</Process><Process ToolSource="C:\Program Files (x86)\ArcGIS\ArcToolbox\Toolboxes\Data Management Tools.tbx\CalculateField" Date="20110128" Time="104947">CalculateField G:\CU_Classes\GIS_programming\GIS3_2010fall_TA\labs2010\lab1\dataStudents\forestArea_1975.shp year 1975 VB # G:\CU_Classes\GIS_programming\GIS3_2010fall_TA\labs2010\lab1\dataStudents\forestArea_1975.shp</Process><Process ToolSource="C:\Program Files (x86)\ArcGIS\ArcToolbox\Toolboxes\Data Management Tools.tbx\AddField" Date="20110128" Time="105259">AddField G:\CU_Classes\GIS_programming\GIS3_2010fall_TA\labs2010\lab1\dataStudents\forestArea_1975.shp YEAR SHORT # # # # NON_NULLABLE NON_REQUIRED # G:\CU_Classes\GIS_programming\GIS3_2010fall_TA\labs2010\lab1\dataStudents\forestArea_1975.shp</Process><Process ToolSource="C:\Program Files (x86)\ArcGIS\ArcToolbox\Toolboxes\Data Management Tools.tbx\CalculateField" Date="20110128" Time="105300">CalculateField G:\CU_Classes\GIS_programming\GIS3_2010fall_TA\labs2010\lab1\dataStudents\forestArea_1975.shp year 1975 VB # G:\CU_Classes\GIS_programming\GIS3_2010fall_TA\labs2010\lab1\dataStudents\forestArea_1975.shp</Process><Process ToolSource="C:\Program Files (x86)\ArcGIS\Desktop10.0\ArcToolbox\Toolboxes\Data Management Tools.tbx\AddField" Date="20120201" Time="144928">AddField H:\GEOG4303\labs2012\lab1\dataStudents\forestArea_1975.shp year SHORT # # # # NON_NULLABLE NON_REQUIRED #</Process><Process ToolSource="C:\Program Files (x86)\ArcGIS\Desktop10.0\ArcToolbox\Toolboxes\Data Management Tools.tbx\CalculateField" Date="20120201" Time="144929">CalculateField H:\GEOG4303\labs2012\lab1\dataStudents\forestArea_1975.shp year 1975 VB #</Process><Process ToolSource="C:\Program Files (x86)\ArcGIS\Desktop10.0\ArcToolbox\Toolboxes\Data Management Tools.tbx\CalculateField" Date="20120201" Time="145328">CalculateField H:\GEOG4303\labs2012\lab1\dataStudents\forestArea_1975.shp year 1975 VB #</Process><Process ToolSource="C:\Program Files (x86)\ArcGIS\Desktop10.0\ArcToolbox\Toolboxes\Data Management Tools.tbx\CalculateField" Date="20120201" Time="145909">CalculateField H:\GEOG4303\labs2012\lab1\dataStudents\forestArea_1975.shp year 1975 VB #</Process><Process ToolSource="c:\program files (x86)\arcgis\desktop10.5\ArcToolbox\Toolboxes\Data Management Tools.tbx\AddField" Date="20190129" Time="133402">AddField D:\Lab1\data\forestArea_1975.shp data_year LONG # # # # NULLABLE NON_REQUIRED #</Process><Process ToolSource="c:\program files (x86)\arcgis\desktop10.5\ArcToolbox\Toolboxes\Data Management Tools.tbx\CalculateField" Date="20190129" Time="133831">CalculateField D:\Lab1\data\forestArea_1975.shp data_year 1975 VB #</Process></lineage></DataProperties></Esri><idinfo><citation><citeinfo><onlink Sync="TRUE">\\THOMASPHILLIPS\K\labs\Lab2\dataForStudents\lab2ForestAreaCopy4</onlink></citeinfo></citation></idinfo><distInfo><distributor><distorTran><onLineSrc><linkage Sync="TRUE">file://\\THOMASPHILLIPS\K\labs\Lab2\dataForStudents\lab2ForestAreaCopy4</linkage><protocol Sync="TRUE">Local Area Network</protocol></onLineSrc></distorTran></distributor></distInfo><dataqual><lineage><procstep><procdesc Sync="TRUE">Dataset moved.</procdesc><srcused Sync="TRUE">C:\WorkSpace\WS_arcgis\UCBGIS5303\Data\DataLabs\lab1ExtentForGrid</srcused><date Sync="TRUE">20070903</date><time Sync="TRUE">13595900</time></procstep><procstep><procdesc Sync="TRUE">Dataset copied.</procdesc><srcused Sync="TRUE">C:\WorkSpace\WS_arcgis\UCBGIS5303\Data\DataLabs\Lab1\lab1ExtentForGrid</srcused><date Sync="TRUE">20070908</date><time Sync="TRUE">22544100</time></procstep><procstep><procdesc Sync="TRUE">Dataset copied.</procdesc><srcused Sync="TRUE">C:\WorkSpace\WS_arcgis\UCBGIS5303\Data\DataLabs\Lab2\lab2ForestArea</srcused><date Sync="TRUE">20070909</date><time Sync="TRUE">21245000</time></procstep><procstep><procdesc Sync="TRUE">Dataset copied.</procdesc><srcused Sync="TRUE">K:\labs\Lab2\lab2ForestArea</srcused><date Sync="TRUE">20080903</date><time Sync="TRUE">10421300</time></procstep></lineage></dataqual></metadata>
