<?xml version="1.0"?>
<!--<!DOCTYPE metadata SYSTEM "http://www.esri.com/metadata/esriprof80.dtd">-->
<metadata xml:lang="de"><Esri><CreaDate>20080903</CreaDate><CreaTime>10422500</CreaTime><SyncOnce>FALSE</SyncOnce><MetaID>{CCDFA98F-F90E-46C9-926B-50F5E2DC96BE}</MetaID><DataProperties><lineage><Process ToolSource="C:\Program Files (x86)\ArcGIS\ArcToolbox\Toolboxes\Data Management Tools.tbx\AddField" Date="20110128" Time="085845">AddField H:\CU_Classes\GIS_programming\GIS3_2010fall_TA\labs2010\lab1\dataStudents\forestArea_1978.shp year SHORT # # # # NON_NULLABLE NON_REQUIRED # H:\CU_Classes\GIS_programming\GIS3_2010fall_TA\labs2010\lab1\dataStudents\forestArea_1978.shp</Process><Process ToolSource="C:\Program Files (x86)\ArcGIS\ArcToolbox\Toolboxes\Data Management Tools.tbx\CalculateField" Date="20110128" Time="085845">CalculateField H:\CU_Classes\GIS_programming\GIS3_2010fall_TA\labs2010\lab1\dataStudents\forestArea_1978.shp year 1978 VB # H:\CU_Classes\GIS_programming\GIS3_2010fall_TA\labs2010\lab1\dataStudents\forestArea_1978.shp</Process><Process ToolSource="C:\Program Files (x86)\ArcGIS\ArcToolbox\Toolboxes\Data Management Tools.tbx\AddField" Date="20110128" Time="095006">AddField H:\CU_Classes\GIS_programming\GIS3_2010fall_TA\labs2010\lab1\dataStudents\forestArea_1978.shp year SHORT # # # # NON_NULLABLE NON_REQUIRED # H:\CU_Classes\GIS_programming\GIS3_2010fall_TA\labs2010\lab1\dataStudents\forestArea_1978.shp</Process><Process ToolSource="C:\Program Files (x86)\ArcGIS\ArcToolbox\Toolboxes\Data Management Tools.tbx\CalculateField" Date="20110128" Time="095006">CalculateField H:\CU_Classes\GIS_programming\GIS3_2010fall_TA\labs2010\lab1\dataStudents\forestArea_1978.shp year 1978 VB # H:\CU_Classes\GIS_programming\GIS3_2010fall_TA\labs2010\lab1\dataStudents\forestArea_1978.shp</Process><Process ToolSource="C:\Program Files (x86)\ArcGIS\ArcToolbox\Toolboxes\Data Management Tools.tbx\CalculateField" Date="20110128" Time="095258">CalculateField H:\CU_Classes\GIS_programming\GIS3_2010fall_TA\labs2010\lab1\dataStudents\forestArea_1978.shp year 1978 VB # H:\CU_Classes\GIS_programming\GIS3_2010fall_TA\labs2010\lab1\dataStudents\forestArea_1978.shp</Process><Process ToolSource="C:\Program Files (x86)\ArcGIS\ArcToolbox\Toolboxes\Data Management Tools.tbx\CalculateField" Date="20110128" Time="095948">CalculateField H:\CU_Classes\GIS_programming\GIS3_2010fall_TA\labs2010\lab1\dataStudents\forestArea_1978.shp year 1978 VB # H:\CU_Classes\GIS_programming\GIS3_2010fall_TA\labs2010\lab1\dataStudents\forestArea_1978.shp</Process><Process ToolSource="C:\Program Files (x86)\ArcGIS\ArcToolbox\Toolboxes\Data Management Tools.tbx\CalculateField" Date="20110128" Time="100329">CalculateField H:\CU_Classes\GIS_programming\GIS3_2010fall_TA\labs2010\lab1\dataStudents\forestArea_1978.shp year 1978 VB # H:\CU_Classes\GIS_programming\GIS3_2010fall_TA\labs2010\lab1\dataStudents\forestArea_1978.shp</Process><Process ToolSource="C:\Program Files (x86)\ArcGIS\ArcToolbox\Toolboxes\Data Management Tools.tbx\CalculateField" Date="20110128" Time="102806">CalculateField G:\CU_Classes\GIS_programming\GIS3_2010fall_TA\labs2010\lab1\dataStudents\forestArea_1978.shp year 1978 VB # G:\CU_Classes\GIS_programming\GIS3_2010fall_TA\labs2010\lab1\dataStudents\forestArea_1978.shp</Process><Process ToolSource="C:\Program Files (x86)\ArcGIS\ArcToolbox\Toolboxes\Data Management Tools.tbx\AddField" Date="20110128" Time="103135">AddField G:\CU_Classes\GIS_programming\GIS3_2010fall_TA\labs2010\lab1\dataStudents\forestArea_1978.shp Year SHORT # # # # NON_NULLABLE NON_REQUIRED # G:\CU_Classes\GIS_programming\GIS3_2010fall_TA\labs2010\lab1\dataStudents\forestArea_1978.shp</Process><Process ToolSource="C:\Program Files (x86)\ArcGIS\ArcToolbox\Toolboxes\Data Management Tools.tbx\CalculateField" Date="20110128" Time="103135">CalculateField G:\CU_Classes\GIS_programming\GIS3_2010fall_TA\labs2010\lab1\dataStudents\forestArea_1978.shp year 1978 VB # G:\CU_Classes\GIS_programming\GIS3_2010fall_TA\labs2010\lab1\dataStudents\forestArea_1978.shp</Process><Process ToolSource="C:\Program Files (x86)\ArcGIS\ArcToolbox\Toolboxes\Data Management Tools.tbx\CalculateField" Date="20110128" Time="103412">CalculateField G:\CU_Classes\GIS_programming\GIS3_2010fall_TA\labs2010\lab1\dataStudents\forestArea_1978.shp year 1978 VB # G:\CU_Classes\GIS_programming\GIS3_2010fall_TA\labs2010\lab1\dataStudents\forestArea_1978.shp</Process><Process ToolSource="C:\Program Files (x86)\ArcGIS\ArcToolbox\Toolboxes\Data Management Tools.tbx\AddField" Date="20110128" Time="103413">AddField G:\CU_Classes\GIS_programming\GIS3_2010fall_TA\labs2010\lab1\dataStudents\forestArea_1978.shp ClipArea LONG 9 # # # NON_NULLABLE NON_REQUIRED # G:\CU_Classes\GIS_programming\GIS3_2010fall_TA\labs2010\lab1\dataStudents\forestArea_1978.shp</Process><Process ToolSource="C:\Program Files (x86)\ArcGIS\ArcToolbox\Toolboxes\Data Management Tools.tbx\CalculateField" Date="20110128" Time="103413">CalculateField G:\CU_Classes\GIS_programming\GIS3_2010fall_TA\labs2010\lab1\dataStudents\forestArea_1978.shp ClipArea 264829.911811142 VB # G:\CU_Classes\GIS_programming\GIS3_2010fall_TA\labs2010\lab1\dataStudents\forestArea_1978.shp</Process><Process ToolSource="C:\Program Files (x86)\ArcGIS\ArcToolbox\Toolboxes\Data Management Tools.tbx\CalculateField" Date="20110128" Time="103444">CalculateField G:\CU_Classes\GIS_programming\GIS3_2010fall_TA\labs2010\lab1\dataStudents\forestArea_1978.shp year 1978 VB # G:\CU_Classes\GIS_programming\GIS3_2010fall_TA\labs2010\lab1\dataStudents\forestArea_1978.shp</Process><Process ToolSource="C:\Program Files (x86)\ArcGIS\ArcToolbox\Toolboxes\Data Management Tools.tbx\AddField" Date="20110128" Time="103444">AddField G:\CU_Classes\GIS_programming\GIS3_2010fall_TA\labs2010\lab1\dataStudents\forestArea_1978.shp ClipArea LONG 9 # # # NON_NULLABLE NON_REQUIRED # G:\CU_Classes\GIS_programming\GIS3_2010fall_TA\labs2010\lab1\dataStudents\forestArea_1978.shp</Process><Process ToolSource="C:\Program Files (x86)\ArcGIS\ArcToolbox\Toolboxes\Data Management Tools.tbx\CalculateField" Date="20110128" Time="103444">CalculateField G:\CU_Classes\GIS_programming\GIS3_2010fall_TA\labs2010\lab1\dataStudents\forestArea_1978.shp ClipArea 264829.911811142 VB # G:\CU_Classes\GIS_programming\GIS3_2010fall_TA\labs2010\lab1\dataStudents\forestArea_1978.shp</Process><Process ToolSource="C:\Program Files (x86)\ArcGIS\ArcToolbox\Toolboxes\Data Management Tools.tbx\CalculateField" Date="20110128" Time="103707">CalculateField G:\CU_Classes\GIS_programming\GIS3_2010fall_TA\labs2010\lab1\dataStudents\forestArea_1978.shp year 1978 VB # G:\CU_Classes\GIS_programming\GIS3_2010fall_TA\labs2010\lab1\dataStudents\forestArea_1978.shp</Process><Process ToolSource="C:\Program Files (x86)\ArcGIS\ArcToolbox\Toolboxes\Data Management Tools.tbx\CalculateField" Date="20110128" Time="104950">CalculateField G:\CU_Classes\GIS_programming\GIS3_2010fall_TA\labs2010\lab1\dataStudents\forestArea_1978.shp year 1978 VB # G:\CU_Classes\GIS_programming\GIS3_2010fall_TA\labs2010\lab1\dataStudents\forestArea_1978.shp</Process><Process ToolSource="C:\Program Files (x86)\ArcGIS\ArcToolbox\Toolboxes\Data Management Tools.tbx\AddField" Date="20110128" Time="105306">AddField G:\CU_Classes\GIS_programming\GIS3_2010fall_TA\labs2010\lab1\dataStudents\forestArea_1978.shp YEAR SHORT # # # # NON_NULLABLE NON_REQUIRED # G:\CU_Classes\GIS_programming\GIS3_2010fall_TA\labs2010\lab1\dataStudents\forestArea_1978.shp</Process><Process ToolSource="C:\Program Files (x86)\ArcGIS\ArcToolbox\Toolboxes\Data Management Tools.tbx\CalculateField" Date="20110128" Time="105307">CalculateField G:\CU_Classes\GIS_programming\GIS3_2010fall_TA\labs2010\lab1\dataStudents\forestArea_1978.shp year 1978 VB # G:\CU_Classes\GIS_programming\GIS3_2010fall_TA\labs2010\lab1\dataStudents\forestArea_1978.shp</Process><Process ToolSource="C:\Program Files (x86)\ArcGIS\Desktop10.0\ArcToolbox\Toolboxes\Data Management Tools.tbx\AddField" Date="20120201" Time="144948">AddField H:\GEOG4303\labs2012\lab1\dataStudents\forestArea_1978.shp year SHORT # # # # NON_NULLABLE NON_REQUIRED #</Process><Process ToolSource="C:\Program Files (x86)\ArcGIS\Desktop10.0\ArcToolbox\Toolboxes\Data Management Tools.tbx\CalculateField" Date="20120201" Time="144950">CalculateField H:\GEOG4303\labs2012\lab1\dataStudents\forestArea_1978.shp year 1978 VB #</Process><Process ToolSource="C:\Program Files (x86)\ArcGIS\Desktop10.0\ArcToolbox\Toolboxes\Data Management Tools.tbx\CalculateField" Date="20120201" Time="145013">CalculateField H:\GEOG4303\labs2012\lab1\dataStudents\forestArea_1978.shp year 1978 VB #</Process><Process ToolSource="C:\Program Files (x86)\ArcGIS\Desktop10.0\ArcToolbox\Toolboxes\Data Management Tools.tbx\CalculateField" Date="20120201" Time="145341">CalculateField H:\GEOG4303\labs2012\lab1\dataStudents\forestArea_1978.shp year 1978 VB #</Process><Process ToolSource="C:\Program Files (x86)\ArcGIS\Desktop10.0\ArcToolbox\Toolboxes\Data Management Tools.tbx\CalculateField" Date="20120201" Time="145358">CalculateField H:\GEOG4303\labs2012\lab1\dataStudents\forestArea_1978.shp year 1978 VB #</Process><Process ToolSource="C:\Program Files (x86)\ArcGIS\Desktop10.0\ArcToolbox\Toolboxes\Data Management Tools.tbx\CalculateField" Date="20120201" Time="145924">CalculateField H:\GEOG4303\labs2012\lab1\dataStudents\forestArea_1978.shp year 1978 VB #</Process><Process ToolSource="C:\Program Files (x86)\ArcGIS\Desktop10.0\ArcToolbox\Toolboxes\Data Management Tools.tbx\CalculateField" Date="20120201" Time="150056">CalculateField H:\GEOG4303\labs2012\lab1\dataStudents\forestArea_1978.shp year 1978 VB #</Process><Process ToolSource="c:\program files (x86)\arcgis\desktop10.5\ArcToolbox\Toolboxes\Data Management Tools.tbx\AddField" Date="20190129" Time="133402">AddField D:\Lab1\data\forestArea_1978.shp data_year LONG # # # # NULLABLE NON_REQUIRED #</Process><Process ToolSource="c:\program files (x86)\arcgis\desktop10.5\ArcToolbox\Toolboxes\Data Management Tools.tbx\CalculateField" Date="20190129" Time="133831">CalculateField D:\Lab1\data\forestArea_1978.shp data_year 1978 VB #</Process><Process ToolSource="c:\program files (x86)\arcgis\desktop10.5\ArcToolbox\Toolboxes\Analysis Tools.tbx\Clip" Date="20190129" Time="134315">Clip D:\Lab1\data\forestArea_1978.shp D:\Lab1\data\soil_sample_Buf_500M.shp D:\Lab1\data\forestArea_1978Buf_Soil_Clip.shp #</Process><Process ToolSource="c:\program files (x86)\arcgis\desktop10.5\ArcToolbox\Toolboxes\Data Management Tools.tbx\AddField" Date="20190129" Time="134435">AddField D:\Lab1\data\forestArea_1978Buf_Soil_Clip.shp for_area LONG # # # # NULLABLE NON_REQUIRED #</Process><Process ToolSource="c:\program files (x86)\arcgis\desktop10.5\ArcToolbox\Toolboxes\Data Management Tools.tbx\CalculateField" Date="20190129" Time="135243">CalculateField D:\Lab1\data\forestArea_1978Buf_Soil_Clip.shp for_area 264829.911811142 VB #</Process><Process ToolSource="c:\program files (x86)\arcgis\desktop10.5\ArcToolbox\Toolboxes\Data Management Tools.tbx\CalculateField" Date="20190129" Time="140023">CalculateField D:\Lab1\data\forestArea_1978Buf_Soil_Clip.shp for_area 264829.911811142 VB #</Process><Process ToolSource="c:\program files (x86)\arcgis\desktop10.5\ArcToolbox\Toolboxes\Data Management Tools.tbx\CalculateField" Date="20190129" Time="140330">CalculateField D:\Lab1\data\forestArea_1978Buf_Soil_Clip.shp for_area 264829.911811142 VB #</Process><Process ToolSource="c:\program files (x86)\arcgis\desktop10.5\ArcToolbox\Toolboxes\Data Management Tools.tbx\AddField" Date="20190129" Time="140330">AddField D:\Lab1\data\forestArea_1978Buf_Soil_Clip.shp soil_smp LONG # # # # NULLABLE NON_REQUIRED #</Process><Process ToolSource="c:\program files (x86)\arcgis\desktop10.5\ArcToolbox\Toolboxes\Data Management Tools.tbx\CalculateField" Date="20190129" Time="140945">CalculateField D:\Lab1\data\forestArea_1978Buf_Soil_Clip.shp for_area 264829.911811142 VB #</Process><Process ToolSource="c:\program files (x86)\arcgis\desktop10.5\ArcToolbox\Toolboxes\Data Management Tools.tbx\AddField" Date="20190129" Time="140946">AddField D:\Lab1\data\forestArea_1978Buf_Soil_Clip.shp soil_smp LONG # # # # NULLABLE NON_REQUIRED #</Process><Process ToolSource="c:\program files (x86)\arcgis\desktop10.5\ArcToolbox\Toolboxes\Data Management Tools.tbx\CalculateField" Date="20190129" Time="140946">CalculateField D:\Lab1\data\forestArea_1978Buf_Soil_Clip.shp soil_smp 0.724840998649597 VB #</Process><Process ToolSource="c:\program files (x86)\arcgis\desktop10.5\ArcToolbox\Toolboxes\Data Management Tools.tbx\CalculateField" Date="20190129" Time="141041">CalculateField D:\Lab1\data\forestArea_1978Buf_Soil_Clip.shp for_area 264829.911811142 VB #</Process><Process ToolSource="c:\program files (x86)\arcgis\desktop10.5\ArcToolbox\Toolboxes\Data Management Tools.tbx\AddField" Date="20190129" Time="141042">AddField D:\Lab1\data\forestArea_1978Buf_Soil_Clip.shp soil_smp LONG # # # # NULLABLE NON_REQUIRED #</Process><Process ToolSource="c:\program files (x86)\arcgis\desktop10.5\ArcToolbox\Toolboxes\Data Management Tools.tbx\CalculateField" Date="20190129" Time="141151">CalculateField D:\Lab1\data\forestArea_1978Buf_Soil_Clip.shp for_area 264829.911811142 VB #</Process><Process ToolSource="c:\program files (x86)\arcgis\desktop10.5\ArcToolbox\Toolboxes\Data Management Tools.tbx\AddField" Date="20190129" Time="141151">AddField D:\Lab1\data\forestArea_1978Buf_Soil_Clip.shp soil_smp LONG # # # # NULLABLE NON_REQUIRED #</Process><Process ToolSource="c:\program files (x86)\arcgis\desktop10.5\ArcToolbox\Toolboxes\Data Management Tools.tbx\CalculateField" Date="20190129" Time="141151">CalculateField D:\Lab1\data\forestArea_1978Buf_Soil_Clip.shp soil_smp 0 VB #</Process><Process ToolSource="c:\program files (x86)\arcgis\desktop10.5\ArcToolbox\Toolboxes\Data Management Tools.tbx\CalculateField" Date="20190129" Time="141348">CalculateField D:\Lab1\data\forestArea_1978Buf_Soil_Clip.shp for_area 264829.911811142 VB #</Process><Process ToolSource="c:\program files (x86)\arcgis\desktop10.5\ArcToolbox\Toolboxes\Data Management Tools.tbx\AddField" Date="20190129" Time="141349">AddField D:\Lab1\data\forestArea_1978Buf_Soil_Clip.shp soil_smp LONG # # # # NULLABLE NON_REQUIRED #</Process><Process ToolSource="c:\program files (x86)\arcgis\desktop10.5\ArcToolbox\Toolboxes\Data Management Tools.tbx\CalculateField" Date="20190129" Time="141349">CalculateField D:\Lab1\data\forestArea_1978Buf_Soil_Clip.shp soil_smp 0.724840998649597 VB #</Process><Process ToolSource="c:\program files (x86)\arcgis\desktop10.5\ArcToolbox\Toolboxes\Data Management Tools.tbx\CalculateField" Date="20190129" Time="143206">CalculateField D:\Lab1\data\forestArea_1978Buf_Soil_Clip.shp for_area 264829.911811142 VB #</Process><Process ToolSource="c:\program files (x86)\arcgis\desktop10.5\ArcToolbox\Toolboxes\Data Management Tools.tbx\DeleteField" Date="20190129" Time="143206">DeleteField D:\Lab1\data\forestArea_1978Buf_Soil_Clip.shp soil_smp</Process><Process ToolSource="c:\program files (x86)\arcgis\desktop10.5\ArcToolbox\Toolboxes\Data Management Tools.tbx\AddField" Date="20190129" Time="143206">AddField D:\Lab1\data\forestArea_1978Buf_Soil_Clip.shp soil_smp FLOAT # # # # NULLABLE NON_REQUIRED #</Process><Process ToolSource="c:\program files (x86)\arcgis\desktop10.5\ArcToolbox\Toolboxes\Data Management Tools.tbx\AddField" Date="20190129" Time="143206">AddField D:\Lab1\data\forestArea_1978Buf_Soil_Clip.shp soil_smp FLOAT # # # # NULLABLE NON_REQUIRED #</Process><Process ToolSource="c:\program files (x86)\arcgis\desktop10.5\ArcToolbox\Toolboxes\Data Management Tools.tbx\CalculateField" Date="20190129" Time="143312">CalculateField D:\Lab1\data\forestArea_1978Buf_Soil_Clip.shp for_area 264829.911811142 VB #</Process><Process ToolSource="c:\program files (x86)\arcgis\desktop10.5\ArcToolbox\Toolboxes\Data Management Tools.tbx\DeleteField" Date="20190129" Time="143312">DeleteField D:\Lab1\data\forestArea_1978Buf_Soil_Clip.shp soil_smp</Process><Process ToolSource="c:\program files (x86)\arcgis\desktop10.5\ArcToolbox\Toolboxes\Data Management Tools.tbx\AddField" Date="20190129" Time="143312">AddField D:\Lab1\data\forestArea_1978Buf_Soil_Clip.shp soil_smp FLOAT # # # # NULLABLE NON_REQUIRED #</Process><Process ToolSource="c:\program files (x86)\arcgis\desktop10.5\ArcToolbox\Toolboxes\Data Management Tools.tbx\AddField" Date="20190129" Time="143312">AddField D:\Lab1\data\forestArea_1978Buf_Soil_Clip.shp soil_smp FLOAT # # # # NULLABLE NON_REQUIRED #</Process><Process ToolSource="c:\program files (x86)\arcgis\desktop10.5\ArcToolbox\Toolboxes\Data Management Tools.tbx\CalculateField" Date="20190129" Time="143312">CalculateField D:\Lab1\data\forestArea_1978Buf_Soil_Clip.shp soil_smp 0.724840998649597 VB #</Process><Process ToolSource="c:\program files (x86)\arcgis\desktop10.5\ArcToolbox\Toolboxes\Data Management Tools.tbx\CalculateField" Date="20190129" Time="143654">CalculateField D:\Lab1\data\forestArea_1978Buf_Soil_Clip.shp for_area 264829.911811142 VB #</Process><Process ToolSource="c:\program files (x86)\arcgis\desktop10.5\ArcToolbox\Toolboxes\Data Management Tools.tbx\DeleteField" Date="20190129" Time="143654">DeleteField D:\Lab1\data\forestArea_1978Buf_Soil_Clip.shp soil_smp</Process><Process ToolSource="c:\program files (x86)\arcgis\desktop10.5\ArcToolbox\Toolboxes\Data Management Tools.tbx\AddField" Date="20190129" Time="143654">AddField D:\Lab1\data\forestArea_1978Buf_Soil_Clip.shp soil_smp FLOAT # # # # NULLABLE NON_REQUIRED #</Process><Process ToolSource="c:\program files (x86)\arcgis\desktop10.5\ArcToolbox\Toolboxes\Data Management Tools.tbx\AddField" Date="20190129" Time="143654">AddField D:\Lab1\data\forestArea_1978Buf_Soil_Clip.shp soil_smp FLOAT # # # # NULLABLE NON_REQUIRED #</Process><Process ToolSource="c:\program files (x86)\arcgis\desktop10.5\ArcToolbox\Toolboxes\Data Management Tools.tbx\CalculateField" Date="20190129" Time="143654">CalculateField D:\Lab1\data\forestArea_1978Buf_Soil_Clip.shp soil_smp 0.724840998649597 VB #</Process><Process ToolSource="c:\program files (x86)\arcgis\desktop10.5\ArcToolbox\Toolboxes\Data Management Tools.tbx\CalculateField" Date="20190129" Time="143751">CalculateField D:\Lab1\data\forestArea_1978Buf_Soil_Clip.shp for_area 264829.911811142 VB #</Process><Process ToolSource="c:\program files (x86)\arcgis\desktop10.5\ArcToolbox\Toolboxes\Data Management Tools.tbx\DeleteField" Date="20190129" Time="143751">DeleteField D:\Lab1\data\forestArea_1978Buf_Soil_Clip.shp soil_smp</Process><Process ToolSource="c:\program files (x86)\arcgis\desktop10.5\ArcToolbox\Toolboxes\Data Management Tools.tbx\AddField" Date="20190129" Time="143751">AddField D:\Lab1\data\forestArea_1978Buf_Soil_Clip.shp soil_smp FLOAT # # # # NULLABLE NON_REQUIRED #</Process><Process ToolSource="c:\program files (x86)\arcgis\desktop10.5\ArcToolbox\Toolboxes\Data Management Tools.tbx\AddField" Date="20190129" Time="143751">AddField D:\Lab1\data\forestArea_1978Buf_Soil_Clip.shp soil_smp FLOAT # # # # NULLABLE NON_REQUIRED #</Process><Process ToolSource="c:\program files (x86)\arcgis\desktop10.5\ArcToolbox\Toolboxes\Data Management Tools.tbx\CalculateField" Date="20190129" Time="143751">CalculateField D:\Lab1\data\forestArea_1978Buf_Soil_Clip.shp soil_smp 0.724840998649597 VB #</Process><Process ToolSource="c:\program files (x86)\arcgis\desktop10.5\ArcToolbox\Toolboxes\Data Management Tools.tbx\CalculateField" Date="20190129" Time="143755">CalculateField D:\Lab1\data\forestArea_1978Buf_Soil_Clip.shp for_area 264829.911811142 VB #</Process><Process ToolSource="c:\program files (x86)\arcgis\desktop10.5\ArcToolbox\Toolboxes\Data Management Tools.tbx\DeleteField" Date="20190129" Time="143755">DeleteField D:\Lab1\data\forestArea_1978Buf_Soil_Clip.shp soil_smp</Process><Process ToolSource="c:\program files (x86)\arcgis\desktop10.5\ArcToolbox\Toolboxes\Data Management Tools.tbx\AddField" Date="20190129" Time="143755">AddField D:\Lab1\data\forestArea_1978Buf_Soil_Clip.shp soil_smp FLOAT # # # # NULLABLE NON_REQUIRED #</Process><Process ToolSource="c:\program files (x86)\arcgis\desktop10.5\ArcToolbox\Toolboxes\Data Management Tools.tbx\AddField" Date="20190129" Time="143755">AddField D:\Lab1\data\forestArea_1978Buf_Soil_Clip.shp soil_smp FLOAT # # # # NULLABLE NON_REQUIRED #</Process><Process ToolSource="c:\program files (x86)\arcgis\desktop10.5\ArcToolbox\Toolboxes\Data Management Tools.tbx\CalculateField" Date="20190129" Time="143755">CalculateField D:\Lab1\data\forestArea_1978Buf_Soil_Clip.shp soil_smp 0.724840998649597 VB #</Process></lineage><itemProps><itemName Sync="TRUE">forestArea_1978Buf_Soil_Clip</itemName><imsContentType Sync="TRUE">002</imsContentType><itemSize Sync="TRUE">0.000</itemSize><itemLocation><linkage Sync="TRUE">file://\\GUGG6-18\D$\Lab1\data\forestArea_1978Buf_Soil_Clip.shp</linkage><protocol Sync="TRUE">Local Area Network</protocol></itemLocation></itemProps></DataProperties><SyncDate>20190129</SyncDate><SyncTime>13431500</SyncTime><ModDate>20190129</ModDate><ModTime>13431500</ModTime></Esri><idinfo><citation><citeinfo><onlink Sync="TRUE">\\THOMASPHILLIPS\K\labs\Lab2\dataForStudents\lab2ForestAreaCopy7</onlink></citeinfo></citation></idinfo><distInfo><distributor><distorTran><onLineSrc><linkage Sync="TRUE">file://\\THOMASPHILLIPS\K\labs\Lab2\dataForStudents\lab2ForestAreaCopy7</linkage><protocol Sync="TRUE">Local Area Network</protocol></onLineSrc></distorTran></distributor><distFormat><formatName Sync="TRUE">Shapefile</formatName></distFormat><distTranOps><transSize Sync="TRUE">0.000</transSize></distTranOps></distInfo><dataqual><lineage><procstep><procdesc Sync="TRUE">Dataset moved.</procdesc><srcused Sync="TRUE">C:\WorkSpace\WS_arcgis\UCBGIS5303\Data\DataLabs\lab1ExtentForGrid</srcused><date Sync="TRUE">20070903</date><time Sync="TRUE">13595900</time></procstep><procstep><procdesc Sync="TRUE">Dataset copied.</procdesc><srcused Sync="TRUE">C:\WorkSpace\WS_arcgis\UCBGIS5303\Data\DataLabs\Lab1\lab1ExtentForGrid</srcused><date Sync="TRUE">20070908</date><time Sync="TRUE">22544100</time></procstep><procstep><procdesc Sync="TRUE">Dataset copied.</procdesc><srcused Sync="TRUE">C:\WorkSpace\WS_arcgis\UCBGIS5303\Data\DataLabs\Lab2\lab2ForestArea</srcused><date Sync="TRUE">20070909</date><time Sync="TRUE">21245000</time></procstep><procstep><procdesc Sync="TRUE">Dataset copied.</procdesc><srcused Sync="TRUE">K:\labs\Lab2\lab2ForestArea</srcused><date Sync="TRUE">20080903</date><time Sync="TRUE">10422500</time></procstep></lineage></dataqual><dataIdInfo><envirDesc Sync="TRUE"> Version 6.2 (Build 9200) ; Esri ArcGIS 10.5.1.7333</envirDesc><dataLang><languageCode value="eng" Sync="TRUE"></languageCode><countryCode value="USA" Sync="TRUE"></countryCode></dataLang><idCitation><resTitle Sync="TRUE">forestArea_1978Buf_Soil_Clip</resTitle><presForm><PresFormCd value="005" Sync="TRUE"></PresFormCd></presForm></idCitation><spatRpType><SpatRepTypCd value="001" Sync="TRUE"></SpatRepTypCd></spatRpType></dataIdInfo><mdLang><languageCode value="eng" Sync="TRUE"></languageCode><countryCode value="USA" Sync="TRUE"></countryCode></mdLang><mdHrLv><ScopeCd value="005" Sync="TRUE"></ScopeCd></mdHrLv><mdHrLvName Sync="TRUE">dataset</mdHrLvName><spatRepInfo><VectSpatRep><geometObjs Name="forestArea_1978Buf_Soil_Clip"><geoObjTyp><GeoObjTypCd value="002" Sync="TRUE"></GeoObjTypCd></geoObjTyp><geoObjCnt Sync="TRUE">0</geoObjCnt></geometObjs><topLvl><TopoLevCd value="001" Sync="TRUE"></TopoLevCd></topLvl></VectSpatRep></spatRepInfo><spdoinfo><ptvctinf><esriterm Name="forestArea_1978Buf_Soil_Clip"><efeatyp Sync="TRUE">Simple</efeatyp><efeageom code="4" Sync="TRUE"></efeageom><esritopo Sync="TRUE">FALSE</esritopo><efeacnt Sync="TRUE">0</efeacnt><spindex Sync="TRUE">FALSE</spindex><linrefer Sync="TRUE">FALSE</linrefer></esriterm></ptvctinf></spdoinfo><eainfo><detailed Name="forestArea_1978Buf_Soil_Clip"><enttyp><enttypl Sync="TRUE">forestArea_1978Buf_Soil_Clip</enttypl><enttypt Sync="TRUE">Feature Class</enttypt><enttypc Sync="TRUE">0</enttypc></enttyp><attr><attrlabl Sync="TRUE">FID</attrlabl><attalias Sync="TRUE">FID</attalias><attrtype Sync="TRUE">OID</attrtype><attwidth Sync="TRUE">4</attwidth><atprecis Sync="TRUE">0</atprecis><attscale Sync="TRUE">0</attscale><attrdef Sync="TRUE">Internal feature number.</attrdef><attrdefs Sync="TRUE">Esri</attrdefs><attrdomv><udom Sync="TRUE">Sequential unique whole numbers that are automatically generated.</udom></attrdomv></attr><attr><attrlabl Sync="TRUE">Shape</attrlabl><attalias Sync="TRUE">Shape</attalias><attrtype Sync="TRUE">Geometry</attrtype><attwidth Sync="TRUE">0</attwidth><atprecis Sync="TRUE">0</atprecis><attscale Sync="TRUE">0</attscale><attrdef Sync="TRUE">Feature geometry.</attrdef><attrdefs Sync="TRUE">Esri</attrdefs><attrdomv><udom Sync="TRUE">Coordinates defining the features.</udom></attrdomv></attr><attr><attrlabl Sync="TRUE">Id</attrlabl><attalias Sync="TRUE">Id</attalias><attrtype Sync="TRUE">Integer</attrtype><attwidth Sync="TRUE">10</attwidth><atprecis Sync="TRUE">10</atprecis><attscale Sync="TRUE">0</attscale></attr><attr><attrlabl Sync="TRUE">data_year</attrlabl><attalias Sync="TRUE">data_year</attalias><attrtype Sync="TRUE">Integer</attrtype><attwidth Sync="TRUE">10</attwidth><atprecis Sync="TRUE">10</atprecis><attscale Sync="TRUE">0</attscale></attr></detailed></eainfo><mdDateSt Sync="TRUE">20190129</mdDateSt></metadata>
