<?xml version="1.0"?>
<!--<!DOCTYPE metadata SYSTEM "http://www.esri.com/metadata/esriprof80.dtd">-->
<metadata xml:lang="de"><Esri><CreaDate>20080903</CreaDate><CreaTime>10421700</CreaTime><SyncOnce>TRUE</SyncOnce><MetaID>{BC3ED0AC-7DA8-431E-96FA-D40124DB232B}</MetaID><DataProperties><lineage><Process ToolSource="C:\Program Files (x86)\ArcGIS\ArcToolbox\Toolboxes\Data Management Tools.tbx\AddField" Date="20110128" Time="085843">AddField H:\CU_Classes\GIS_programming\GIS3_2010fall_TA\labs2010\lab1\dataStudents\forestArea_1976.shp year SHORT # # # # NON_NULLABLE NON_REQUIRED # H:\CU_Classes\GIS_programming\GIS3_2010fall_TA\labs2010\lab1\dataStudents\forestArea_1976.shp</Process><Process ToolSource="C:\Program Files (x86)\ArcGIS\ArcToolbox\Toolboxes\Data Management Tools.tbx\CalculateField" Date="20110128" Time="085843">CalculateField H:\CU_Classes\GIS_programming\GIS3_2010fall_TA\labs2010\lab1\dataStudents\forestArea_1976.shp year 1976 VB # H:\CU_Classes\GIS_programming\GIS3_2010fall_TA\labs2010\lab1\dataStudents\forestArea_1976.shp</Process><Process ToolSource="C:\Program Files (x86)\ArcGIS\ArcToolbox\Toolboxes\Data Management Tools.tbx\AddField" Date="20110128" Time="095004">AddField H:\CU_Classes\GIS_programming\GIS3_2010fall_TA\labs2010\lab1\dataStudents\forestArea_1976.shp year SHORT # # # # NON_NULLABLE NON_REQUIRED # H:\CU_Classes\GIS_programming\GIS3_2010fall_TA\labs2010\lab1\dataStudents\forestArea_1976.shp</Process><Process ToolSource="C:\Program Files (x86)\ArcGIS\ArcToolbox\Toolboxes\Data Management Tools.tbx\CalculateField" Date="20110128" Time="095004">CalculateField H:\CU_Classes\GIS_programming\GIS3_2010fall_TA\labs2010\lab1\dataStudents\forestArea_1976.shp year 1976 VB # H:\CU_Classes\GIS_programming\GIS3_2010fall_TA\labs2010\lab1\dataStudents\forestArea_1976.shp</Process><Process ToolSource="C:\Program Files (x86)\ArcGIS\ArcToolbox\Toolboxes\Data Management Tools.tbx\CalculateField" Date="20110128" Time="095256">CalculateField H:\CU_Classes\GIS_programming\GIS3_2010fall_TA\labs2010\lab1\dataStudents\forestArea_1976.shp year 1976 VB # H:\CU_Classes\GIS_programming\GIS3_2010fall_TA\labs2010\lab1\dataStudents\forestArea_1976.shp</Process><Process ToolSource="C:\Program Files (x86)\ArcGIS\ArcToolbox\Toolboxes\Data Management Tools.tbx\CalculateField" Date="20110128" Time="095947">CalculateField H:\CU_Classes\GIS_programming\GIS3_2010fall_TA\labs2010\lab1\dataStudents\forestArea_1976.shp year 1976 VB # H:\CU_Classes\GIS_programming\GIS3_2010fall_TA\labs2010\lab1\dataStudents\forestArea_1976.shp</Process><Process ToolSource="C:\Program Files (x86)\ArcGIS\ArcToolbox\Toolboxes\Data Management Tools.tbx\CalculateField" Date="20110128" Time="100327">CalculateField H:\CU_Classes\GIS_programming\GIS3_2010fall_TA\labs2010\lab1\dataStudents\forestArea_1976.shp year 1976 VB # H:\CU_Classes\GIS_programming\GIS3_2010fall_TA\labs2010\lab1\dataStudents\forestArea_1976.shp</Process><Process ToolSource="C:\Program Files (x86)\ArcGIS\ArcToolbox\Toolboxes\Data Management Tools.tbx\CalculateField" Date="20110128" Time="102804">CalculateField G:\CU_Classes\GIS_programming\GIS3_2010fall_TA\labs2010\lab1\dataStudents\forestArea_1976.shp year 1976 VB # G:\CU_Classes\GIS_programming\GIS3_2010fall_TA\labs2010\lab1\dataStudents\forestArea_1976.shp</Process><Process ToolSource="C:\Program Files (x86)\ArcGIS\ArcToolbox\Toolboxes\Data Management Tools.tbx\AddField" Date="20110128" Time="103134">AddField G:\CU_Classes\GIS_programming\GIS3_2010fall_TA\labs2010\lab1\dataStudents\forestArea_1976.shp Year SHORT # # # # NON_NULLABLE NON_REQUIRED # G:\CU_Classes\GIS_programming\GIS3_2010fall_TA\labs2010\lab1\dataStudents\forestArea_1976.shp</Process><Process ToolSource="C:\Program Files (x86)\ArcGIS\ArcToolbox\Toolboxes\Data Management Tools.tbx\CalculateField" Date="20110128" Time="103134">CalculateField G:\CU_Classes\GIS_programming\GIS3_2010fall_TA\labs2010\lab1\dataStudents\forestArea_1976.shp year 1976 VB # G:\CU_Classes\GIS_programming\GIS3_2010fall_TA\labs2010\lab1\dataStudents\forestArea_1976.shp</Process><Process ToolSource="C:\Program Files (x86)\ArcGIS\ArcToolbox\Toolboxes\Data Management Tools.tbx\CalculateField" Date="20110128" Time="103410">CalculateField G:\CU_Classes\GIS_programming\GIS3_2010fall_TA\labs2010\lab1\dataStudents\forestArea_1976.shp year 1976 VB # G:\CU_Classes\GIS_programming\GIS3_2010fall_TA\labs2010\lab1\dataStudents\forestArea_1976.shp</Process><Process ToolSource="C:\Program Files (x86)\ArcGIS\ArcToolbox\Toolboxes\Data Management Tools.tbx\AddField" Date="20110128" Time="103411">AddField G:\CU_Classes\GIS_programming\GIS3_2010fall_TA\labs2010\lab1\dataStudents\forestArea_1976.shp ClipArea LONG 9 # # # NON_NULLABLE NON_REQUIRED # G:\CU_Classes\GIS_programming\GIS3_2010fall_TA\labs2010\lab1\dataStudents\forestArea_1976.shp</Process><Process ToolSource="C:\Program Files (x86)\ArcGIS\ArcToolbox\Toolboxes\Data Management Tools.tbx\CalculateField" Date="20110128" Time="103411">CalculateField G:\CU_Classes\GIS_programming\GIS3_2010fall_TA\labs2010\lab1\dataStudents\forestArea_1976.shp ClipArea 341745.29869573 VB # G:\CU_Classes\GIS_programming\GIS3_2010fall_TA\labs2010\lab1\dataStudents\forestArea_1976.shp</Process><Process ToolSource="C:\Program Files (x86)\ArcGIS\ArcToolbox\Toolboxes\Data Management Tools.tbx\CalculateField" Date="20110128" Time="103442">CalculateField G:\CU_Classes\GIS_programming\GIS3_2010fall_TA\labs2010\lab1\dataStudents\forestArea_1976.shp year 1976 VB # G:\CU_Classes\GIS_programming\GIS3_2010fall_TA\labs2010\lab1\dataStudents\forestArea_1976.shp</Process><Process ToolSource="C:\Program Files (x86)\ArcGIS\ArcToolbox\Toolboxes\Data Management Tools.tbx\AddField" Date="20110128" Time="103442">AddField G:\CU_Classes\GIS_programming\GIS3_2010fall_TA\labs2010\lab1\dataStudents\forestArea_1976.shp ClipArea LONG 9 # # # NON_NULLABLE NON_REQUIRED # G:\CU_Classes\GIS_programming\GIS3_2010fall_TA\labs2010\lab1\dataStudents\forestArea_1976.shp</Process><Process ToolSource="C:\Program Files (x86)\ArcGIS\ArcToolbox\Toolboxes\Data Management Tools.tbx\CalculateField" Date="20110128" Time="103443">CalculateField G:\CU_Classes\GIS_programming\GIS3_2010fall_TA\labs2010\lab1\dataStudents\forestArea_1976.shp ClipArea 341745.29869573 VB # G:\CU_Classes\GIS_programming\GIS3_2010fall_TA\labs2010\lab1\dataStudents\forestArea_1976.shp</Process><Process ToolSource="C:\Program Files (x86)\ArcGIS\ArcToolbox\Toolboxes\Data Management Tools.tbx\CalculateField" Date="20110128" Time="103706">CalculateField G:\CU_Classes\GIS_programming\GIS3_2010fall_TA\labs2010\lab1\dataStudents\forestArea_1976.shp year 1976 VB # G:\CU_Classes\GIS_programming\GIS3_2010fall_TA\labs2010\lab1\dataStudents\forestArea_1976.shp</Process><Process ToolSource="C:\Program Files (x86)\ArcGIS\ArcToolbox\Toolboxes\Data Management Tools.tbx\CalculateField" Date="20110128" Time="104948">CalculateField G:\CU_Classes\GIS_programming\GIS3_2010fall_TA\labs2010\lab1\dataStudents\forestArea_1976.shp year 1976 VB # G:\CU_Classes\GIS_programming\GIS3_2010fall_TA\labs2010\lab1\dataStudents\forestArea_1976.shp</Process><Process ToolSource="C:\Program Files (x86)\ArcGIS\ArcToolbox\Toolboxes\Data Management Tools.tbx\AddField" Date="20110128" Time="105302">AddField G:\CU_Classes\GIS_programming\GIS3_2010fall_TA\labs2010\lab1\dataStudents\forestArea_1976.shp YEAR SHORT # # # # NON_NULLABLE NON_REQUIRED # G:\CU_Classes\GIS_programming\GIS3_2010fall_TA\labs2010\lab1\dataStudents\forestArea_1976.shp</Process><Process ToolSource="C:\Program Files (x86)\ArcGIS\ArcToolbox\Toolboxes\Data Management Tools.tbx\CalculateField" Date="20110128" Time="105302">CalculateField G:\CU_Classes\GIS_programming\GIS3_2010fall_TA\labs2010\lab1\dataStudents\forestArea_1976.shp year 1976 VB # G:\CU_Classes\GIS_programming\GIS3_2010fall_TA\labs2010\lab1\dataStudents\forestArea_1976.shp</Process><Process ToolSource="C:\Program Files (x86)\ArcGIS\Desktop10.0\ArcToolbox\Toolboxes\Data Management Tools.tbx\CalculateField" Date="20120201" Time="144935">CalculateField H:\GEOG4303\labs2012\lab1\dataStudents\forestArea_1976.shp year 1976 VB #</Process><Process ToolSource="C:\Program Files (x86)\ArcGIS\Desktop10.0\ArcToolbox\Toolboxes\Data Management Tools.tbx\CalculateField" Date="20120201" Time="145332">CalculateField H:\GEOG4303\labs2012\lab1\dataStudents\forestArea_1976.shp year 1976 VB #</Process><Process ToolSource="C:\Program Files (x86)\ArcGIS\Desktop10.0\ArcToolbox\Toolboxes\Data Management Tools.tbx\CalculateField" Date="20120201" Time="145914">CalculateField H:\GEOG4303\labs2012\lab1\dataStudents\forestArea_1976.shp year 1976 VB #</Process><Process ToolSource="c:\program files (x86)\arcgis\desktop10.5\ArcToolbox\Toolboxes\Data Management Tools.tbx\AddField" Date="20190129" Time="133402">AddField D:\Lab1\data\forestArea_1976.shp data_year LONG # # # # NULLABLE NON_REQUIRED #</Process><Process ToolSource="c:\program files (x86)\arcgis\desktop10.5\ArcToolbox\Toolboxes\Data Management Tools.tbx\CalculateField" Date="20190129" Time="133831">CalculateField D:\Lab1\data\forestArea_1976.shp data_year 1976 VB #</Process></lineage></DataProperties></Esri><idinfo><citation><citeinfo><onlink Sync="TRUE">\\THOMASPHILLIPS\K\labs\Lab2\dataForStudents\lab2ForestAreaCopy5</onlink></citeinfo></citation></idinfo><distInfo><distributor><distorTran><onLineSrc><linkage Sync="TRUE">file://\\THOMASPHILLIPS\K\labs\Lab2\dataForStudents\lab2ForestAreaCopy5</linkage><protocol Sync="TRUE">Local Area Network</protocol></onLineSrc></distorTran></distributor></distInfo><dataqual><lineage><procstep><procdesc Sync="TRUE">Dataset moved.</procdesc><srcused Sync="TRUE">C:\WorkSpace\WS_arcgis\UCBGIS5303\Data\DataLabs\lab1ExtentForGrid</srcused><date Sync="TRUE">20070903</date><time Sync="TRUE">13595900</time></procstep><procstep><procdesc Sync="TRUE">Dataset copied.</procdesc><srcused Sync="TRUE">C:\WorkSpace\WS_arcgis\UCBGIS5303\Data\DataLabs\Lab1\lab1ExtentForGrid</srcused><date Sync="TRUE">20070908</date><time Sync="TRUE">22544100</time></procstep><procstep><procdesc Sync="TRUE">Dataset copied.</procdesc><srcused Sync="TRUE">C:\WorkSpace\WS_arcgis\UCBGIS5303\Data\DataLabs\Lab2\lab2ForestArea</srcused><date Sync="TRUE">20070909</date><time Sync="TRUE">21245000</time></procstep><procstep><procdesc Sync="TRUE">Dataset copied.</procdesc><srcused Sync="TRUE">K:\labs\Lab2\lab2ForestArea</srcused><date Sync="TRUE">20080903</date><time Sync="TRUE">10421700</time></procstep></lineage></dataqual></metadata>
