<?xml version="1.0" encoding="UTF-8"?>
<metadata xml:lang="en"><Esri><CreaDate>20110310</CreaDate><CreaTime>11081200</CreaTime><ArcGISFormat>1.0</ArcGISFormat><SyncOnce>TRUE</SyncOnce><DataProperties><lineage><Process ToolSource="C:\Program Files (x86)\ArcGIS\Desktop10.0\ArcToolbox\Toolboxes\Conversion Tools.tbx\RasterToPolygon" Date="20101013" Time="143135">RasterToPolygon plw1 R:\GEO\GIS\Plaster_Creek\Plaster_Creek_data\plw.shp SIMPLIFY Value</Process></lineage></DataProperties><MetaID>{71276EEF-A613-4A0A-BBAF-F1CF963C0274}</MetaID></Esri><idinfo><citation><citeinfo><onlink Sync="TRUE">\\DENALI\DEPT\GEO\GIS\Plaster_Creek\Server\PlastercreekWshd</onlink></citeinfo></citation></idinfo><distInfo><distributor><distorTran><onLineSrc><linkage Sync="TRUE">file://\\DENALI\DEPT\GEO\GIS\Plaster_Creek\Server\PlastercreekWshd</linkage><protocol Sync="TRUE">Local Area Network</protocol></onLineSrc></distorTran></distributor></distInfo><dataqual><lineage><procstep><procdesc Sync="TRUE">Dataset copied.</procdesc><srcused Sync="TRUE">R:\GEO\GIS\Plaster_Creek\Plaster_Creek_data\PlastercreekWshd</srcused><procdate Sync="TRUE">20110310</procdate><proctime Sync="TRUE">11081200</proctime></procstep></lineage></dataqual></metadata>
