<?xml version="1.0" encoding="UTF-8"?>
<metadata xml:lang="en"><Esri><CreaDate>20120307</CreaDate><CreaTime>23162000</CreaTime><ArcGISFormat>1.0</ArcGISFormat><SyncOnce>TRUE</SyncOnce><DataProperties><itemProps><itemLocation><linkage Sync="TRUE">file://\\ALENIO-PC\C$\progGISstuff\labs2012\lab5\data\dem_lab5</linkage><protocol Sync="TRUE">Local Area Network</protocol></itemLocation></itemProps><copyHistory><copy source="C:\progGISstuff\labs2012\lab5\dem_lab5" dest="\\ALENIO-PC\C$\progGISstuff\labs2012\lab5\data\dem_lab5" date="20120307" time="23162100"></copy></copyHistory></DataProperties></Esri></metadata>
