<?xml version="1.0" encoding="UTF-8"?>
<metadata xml:lang="en"><Esri><CreaDate>20190213</CreaDate><CreaTime>16342700</CreaTime><ArcGISFormat>1.0</ArcGISFormat><SyncOnce>TRUE</SyncOnce><DataProperties><lineage><Process ToolSource="c:\program files (x86)\arcgis\desktop10.5\ArcToolbox\Toolboxes\Data Management Tools.tbx\CreateFeatureclass" Date="20190213" Time="163427">CreateFeatureclass D:\lab3\data grid1.shp POINT # DISABLED DISABLED # # 0 0 0</Process></lineage></DataProperties></Esri></metadata>
