<?xml version="1.0" encoding="UTF-8"?>
<metadata xml:lang="en"><Esri><CreaDate>20190312</CreaDate><CreaTime>12213500</CreaTime><ArcGISFormat>1.0</ArcGISFormat><SyncOnce>TRUE</SyncOnce><DataProperties><lineage><Process ToolSource="c:\program files (x86)\arcgis\desktop10.5\ArcToolbox\Toolboxes\Spatial Analyst Tools.tbx\ZonalStatisticsAsTable" Date="20190312" Time="122135">ZonalStatisticsAsTable D:\lab4\data\watersheds_3D.shp FID D:\lab4\data\times_0d14dd1c_9bfe_4c32_83ec_4d23fc68c90b_152011452.tif D:\lab4\data\threeDA NODATA SUM</Process></lineage></DataProperties></Esri></metadata>
